{
  "cross_method_metrics": {
    "cosine_proxy_utility_eval": 0.677996478993461,
    "jaccard_precision_utility_eval": 0.5384615384615384
  },
  "experiment_id": "small_exact_comparison_canonical_0064",
  "query_split": {
    "eval_query_count": 13,
    "eval_query_indexes": [],
    "evaluation_scope": "train",
    "query_holdout_fraction": null,
    "train_query_count": 13
  },
  "result": {
    "diagnostics": {
      "budget": 4,
      "coalition_count": 1024,
      "effective_budget": 4,
      "max_shapley_coalitions": 4096,
      "max_shapley_photos": 12,
      "num_photos": 10,
      "selected_shapley_values": {
        "0": 0.13495310643638433,
        "4": 0.1370491666624963,
        "7": 0.14019567100053143,
        "9": 0.09567571925885411
      },
      "shapley_summary": {
        "max": 0.14019567100053143,
        "mean": 0.10000000000000016,
        "min": 0.07832698964174935,
        "nonzero_count": 10
      },
      "shapley_values": [
        0.13495310643638433,
        0.08570626598766469,
        0.07832698964174935,
        0.08367099157183908,
        0.1370491666624963,
        0.08120064888788546,
        0.08082403473852176,
        0.14019567100053143,
        0.08239740581407486,
        0.09567571925885411
      ]
    },
    "diagnostics_path": null,
    "message": "",
    "method": "C",
    "peak_memory_mb": 0.39864349365234375,
    "runtime_seconds": 0.5065053000580519,
    "selected_ids": [
      7,
      4,
      0,
      9
    ],
    "status": "success",
    "utility": 0.677996478993461,
    "utility_metric": "cosine_proxy_utility"
  },
  "sample": {
    "dropped_query_count": 430,
    "dropped_query_indexes": [
      0,
      1,
      2,
      3,
      4,
      5,
      6,
      7,
      8,
      9,
      10,
      11,
      12,
      13,
      14,
      15,
      16,
      17,
      18,
      19,
      20,
      21,
      22,
      23,
      24,
      25,
      26,
      27,
      28,
      29,
      30,
      31,
      32,
      33,
      34,
      35,
      36,
      37,
      38,
      39,
      40,
      41,
      42,
      43,
      44,
      45,
      46,
      47,
      48,
      49,
      50,
      51,
      52,
      53,
      54,
      55,
      56,
      57,
      58,
      59,
      60,
      61,
      62,
      63,
      64,
      65,
      66,
      67,
      68,
      69,
      70,
      71,
      72,
      73,
      74,
      75,
      76,
      77,
      78,
      79,
      80,
      81,
      82,
      83,
      84,
      85,
      86,
      87,
      88,
      89,
      90,
      91,
      92,
      93,
      94,
      95,
      96,
      97,
      98,
      99,
      100,
      101,
      102,
      103,
      104,
      105,
      108,
      109,
      110,
      111,
      112,
      113,
      114,
      115,
      116,
      117,
      118,
      119,
      120,
      121,
      122,
      123,
      124,
      126,
      127,
      128,
      129,
      130,
      131,
      133,
      134,
      135,
      136,
      137,
      138,
      139,
      140,
      141,
      142,
      143,
      144,
      145,
      146,
      147,
      148,
      149,
      150,
      151,
      153,
      154,
      155,
      156,
      157,
      158,
      159,
      160,
      161,
      162,
      163,
      164,
      165,
      166,
      167,
      168,
      169,
      170,
      171,
      172,
      173,
      174,
      175,
      176,
      177,
      178,
      179,
      180,
      181,
      182,
      183,
      184,
      185,
      186,
      187,
      189,
      190,
      191,
      192,
      193,
      194,
      195,
      196,
      197,
      198,
      199,
      200,
      201,
      202,
      203,
      205,
      206,
      207,
      208,
      209,
      210,
      211,
      212,
      213,
      214,
      215,
      216,
      217,
      218,
      219,
      220,
      221,
      222,
      223,
      224,
      225,
      226,
      227,
      228,
      229,
      230,
      231,
      232,
      233,
      234,
      236,
      237,
      238,
      239,
      240,
      241,
      242,
      243,
      244,
      245,
      246,
      247,
      248,
      249,
      250,
      251,
      252,
      254,
      255,
      256,
      257,
      258,
      259,
      260,
      261,
      262,
      263,
      264,
      265,
      266,
      267,
      268,
      269,
      270,
      271,
      272,
      273,
      274,
      275,
      276,
      277,
      278,
      279,
      280,
      281,
      282,
      283,
      284,
      285,
      286,
      287,
      288,
      289,
      290,
      291,
      292,
      293,
      295,
      296,
      297,
      298,
      299,
      300,
      301,
      302,
      303,
      304,
      305,
      306,
      307,
      308,
      309,
      310,
      311,
      312,
      313,
      314,
      315,
      317,
      318,
      319,
      320,
      321,
      322,
      323,
      324,
      325,
      327,
      328,
      329,
      330,
      331,
      332,
      333,
      334,
      335,
      336,
      337,
      338,
      339,
      340,
      341,
      342,
      343,
      344,
      345,
      346,
      347,
      348,
      349,
      350,
      351,
      352,
      353,
      354,
      355,
      356,
      358,
      359,
      360,
      361,
      362,
      363,
      364,
      365,
      366,
      367,
      368,
      369,
      370,
      371,
      372,
      373,
      374,
      375,
      376,
      377,
      378,
      379,
      380,
      381,
      382,
      383,
      384,
      385,
      386,
      387,
      388,
      389,
      390,
      391,
      392,
      393,
      394,
      395,
      396,
      397,
      398,
      399,
      400,
      401,
      402,
      403,
      404,
      405,
      406,
      407,
      408,
      409,
      410,
      411,
      412,
      413,
      414,
      415,
      416,
      417,
      418,
      419,
      420,
      421,
      422,
      423,
      424,
      425,
      426,
      427,
      428,
      429,
      430,
      431,
      432,
      433,
      434,
      435,
      436,
      437,
      438,
      439,
      440,
      441,
      442
    ],
    "original_photo_count": 41620,
    "original_query_count": 443,
    "original_query_indexes": [
      106,
      107,
      125,
      132,
      152,
      188,
      204,
      235,
      253,
      294,
      316,
      326,
      357
    ],
    "query_sample_size_requested": null,
    "sample_size_requested": 10,
    "sample_strategy": "query_active",
    "sampled_original_photo_ids": [
      707,
      1720,
      3278,
      7455,
      11227,
      12789,
      21149,
      26436,
      33761,
      35250
    ],
    "sampled_photo_count": 10,
    "sampled_query_count": 13
  },
  "selected_original_ids": [
    26436,
    11227,
    707,
    35250
  ],
  "task": {
    "budget": 4,
    "method": "C",
    "sample_size": 10,
    "seed": 0
  }
}