{
  "cross_method_metrics": {
    "cosine_proxy_utility_eval": 0.6341852569762408,
    "jaccard_precision_utility_eval": 0.4444444444444444
  },
  "experiment_id": "small_exact_comparison_canonical_0080",
  "query_split": {
    "eval_query_count": 9,
    "eval_query_indexes": [],
    "evaluation_scope": "train",
    "query_holdout_fraction": null,
    "train_query_count": 9
  },
  "result": {
    "diagnostics": {
      "budget": 3,
      "candidate_scope": "all_photos",
      "configured_candidate_chunk_size": 2048,
      "coverage_cosine_transform": "max(0, cosine)",
      "effective_budget": 3,
      "effective_candidate_chunk_size": 2048,
      "facility_objective": 0.6341852569762407,
      "marginal_gains": [
        0.38713435276311475,
        0.1393632952832824,
        0.1076876089298436
      ],
      "max_facility_similarity_mb": 64,
      "numeric_dtype": "float64",
      "selected_query_mass_weights": [
        0.2222222222222222,
        0.1111111111111111,
        0.1111111111111111
      ],
      "stopped_reason": "budget_reached",
      "weight_summary": {
        "max": 0.2222222222222222,
        "mean": 0.125,
        "min": 0.1111111111111111,
        "nonzero_count": 8
      },
      "weighted_target_count": 8
    },
    "diagnostics_path": null,
    "message": "",
    "method": "D",
    "peak_memory_mb": 0.39357757568359375,
    "runtime_seconds": 0.0011548999464139342,
    "selected_ids": [
      1,
      4,
      2
    ],
    "status": "success",
    "utility": 0.6341852569762408,
    "utility_metric": "cosine_proxy_utility"
  },
  "sample": {
    "dropped_query_count": 434,
    "dropped_query_indexes": [
      0,
      1,
      2,
      3,
      4,
      5,
      6,
      7,
      8,
      9,
      10,
      11,
      12,
      13,
      14,
      15,
      16,
      17,
      18,
      19,
      20,
      21,
      22,
      23,
      24,
      25,
      26,
      27,
      28,
      29,
      30,
      31,
      32,
      33,
      34,
      35,
      36,
      37,
      38,
      39,
      40,
      42,
      43,
      44,
      45,
      46,
      47,
      48,
      49,
      50,
      51,
      52,
      53,
      54,
      55,
      56,
      57,
      58,
      59,
      60,
      61,
      62,
      63,
      64,
      65,
      66,
      67,
      68,
      69,
      70,
      71,
      72,
      73,
      74,
      75,
      76,
      77,
      78,
      79,
      80,
      81,
      82,
      83,
      84,
      85,
      86,
      87,
      88,
      89,
      91,
      92,
      93,
      94,
      95,
      96,
      97,
      98,
      99,
      100,
      101,
      102,
      103,
      104,
      105,
      106,
      107,
      108,
      109,
      110,
      111,
      112,
      113,
      114,
      115,
      116,
      117,
      118,
      119,
      120,
      121,
      122,
      123,
      124,
      125,
      126,
      127,
      128,
      129,
      130,
      131,
      132,
      133,
      134,
      135,
      136,
      137,
      138,
      139,
      140,
      141,
      142,
      143,
      144,
      145,
      146,
      147,
      148,
      149,
      150,
      151,
      152,
      153,
      154,
      155,
      156,
      157,
      158,
      159,
      160,
      161,
      162,
      163,
      164,
      165,
      166,
      167,
      168,
      169,
      170,
      171,
      172,
      173,
      174,
      175,
      176,
      177,
      178,
      179,
      180,
      181,
      182,
      183,
      184,
      185,
      186,
      187,
      188,
      189,
      190,
      191,
      192,
      193,
      194,
      195,
      196,
      197,
      198,
      199,
      200,
      201,
      202,
      203,
      204,
      205,
      206,
      207,
      208,
      209,
      210,
      211,
      212,
      213,
      214,
      215,
      216,
      217,
      218,
      220,
      221,
      222,
      223,
      224,
      225,
      226,
      227,
      228,
      229,
      231,
      232,
      233,
      234,
      235,
      236,
      237,
      238,
      239,
      240,
      241,
      242,
      243,
      244,
      245,
      247,
      248,
      249,
      250,
      251,
      252,
      253,
      254,
      255,
      256,
      257,
      258,
      259,
      260,
      261,
      263,
      264,
      265,
      266,
      267,
      268,
      269,
      270,
      271,
      272,
      273,
      274,
      275,
      276,
      277,
      278,
      279,
      280,
      281,
      282,
      283,
      284,
      285,
      286,
      287,
      288,
      289,
      290,
      291,
      292,
      293,
      294,
      295,
      296,
      297,
      298,
      299,
      300,
      301,
      302,
      303,
      304,
      305,
      306,
      307,
      308,
      309,
      310,
      311,
      312,
      313,
      314,
      315,
      316,
      317,
      318,
      319,
      320,
      321,
      322,
      323,
      324,
      325,
      326,
      327,
      328,
      329,
      330,
      331,
      332,
      333,
      334,
      335,
      336,
      337,
      338,
      339,
      340,
      341,
      342,
      343,
      344,
      345,
      346,
      347,
      348,
      349,
      350,
      352,
      353,
      354,
      355,
      357,
      358,
      359,
      360,
      361,
      362,
      363,
      364,
      365,
      366,
      367,
      368,
      369,
      370,
      371,
      372,
      373,
      374,
      375,
      376,
      377,
      378,
      379,
      380,
      381,
      382,
      383,
      384,
      385,
      386,
      387,
      388,
      389,
      390,
      392,
      393,
      394,
      395,
      396,
      397,
      398,
      399,
      400,
      401,
      402,
      403,
      404,
      405,
      406,
      407,
      408,
      409,
      410,
      411,
      412,
      413,
      414,
      415,
      416,
      417,
      418,
      419,
      420,
      421,
      422,
      423,
      424,
      425,
      426,
      427,
      428,
      429,
      430,
      431,
      432,
      433,
      434,
      435,
      436,
      437,
      438,
      439,
      440,
      441,
      442
    ],
    "original_photo_count": 41620,
    "original_query_count": 443,
    "original_query_indexes": [
      41,
      90,
      219,
      230,
      246,
      262,
      351,
      356,
      391
    ],
    "query_sample_size_requested": null,
    "sample_size_requested": 8,
    "sample_strategy": "query_active",
    "sampled_original_photo_ids": [
      1445,
      6074,
      19557,
      21192,
      31366,
      34157,
      39499,
      39557
    ],
    "sampled_photo_count": 8,
    "sampled_query_count": 9
  },
  "selected_original_ids": [
    6074,
    31366,
    19557
  ],
  "task": {
    "budget": 3,
    "method": "D",
    "sample_size": 8,
    "seed": 1
  }
}