{
  "cross_method_metrics": {
    "cosine_proxy_utility_eval": 0.2127839784800982,
    "jaccard_precision_utility_eval": 0.3333333333333333
  },
  "experiment_id": "synthetic_20260609T115535Z_0015",
  "result": {
    "diagnostics": {
      "budget": 3,
      "coalition_count": 4096,
      "effective_budget": 3,
      "max_shapley_coalitions": 4096,
      "max_shapley_photos": 12,
      "num_photos": 12,
      "selected_shapley_values": {
        "0": 0.11194189573534592,
        "11": 0.11665711900486943,
        "2": 0.11068045382308864
      },
      "shapley_summary": {
        "max": 0.11665711900486943,
        "mean": 0.0833333333333333,
        "min": 0.06074208737568027,
        "nonzero_count": 12
      },
      "shapley_values": [
        0.11194189573534592,
        0.08952733084664473,
        0.11068045382308864,
        0.08808837977895322,
        0.06125027770851191,
        0.09002251999003318,
        0.06156365664139662,
        0.06074208737568027,
        0.06109731388547457,
        0.06074796507223301,
        0.08768100013776814,
        0.11665711900486943
      ]
    },
    "diagnostics_path": null,
    "message": "",
    "method": "C",
    "peak_memory_mb": 0.37635040283203125,
    "runtime_seconds": 4.573342899995623,
    "selected_ids": [
      11,
      0,
      2
    ],
    "status": "success",
    "utility": 0.2127839784800982,
    "utility_metric": "cosine_proxy_utility"
  },
  "sample": {
    "dropped_query_count": 0,
    "dropped_query_indexes": [],
    "original_photo_count": 24,
    "original_query_count": 18,
    "original_query_indexes": [
      0,
      1,
      2,
      3,
      4,
      5,
      6,
      7,
      8,
      9,
      10,
      11,
      12,
      13,
      14,
      15,
      16,
      17
    ],
    "query_sample_size_requested": null,
    "sample_size_requested": 12,
    "sample_strategy": "query_active",
    "sampled_original_photo_ids": [
      0,
      1,
      3,
      4,
      5,
      7,
      8,
      11,
      14,
      17,
      19,
      21
    ],
    "sampled_photo_count": 12,
    "sampled_query_count": 18
  },
  "selected_original_ids": [
    21,
    0,
    3
  ],
  "task": {
    "budget": 3,
    "method": "C",
    "sample_size": 12,
    "seed": 0
  }
}